# 创建一张学生表.
CREATE TABLE students (
  number CHAR(9),
  name VARCHAR(20),
  age INT,
  birth DATE
);
INSERT INTO students VALUES ('201804001', 'Qiye', 16, '2002-01-01');
INSERT INTO students VALUES ('201804002', 'JackLee', 17, '2001-01-02');
INSERT INTO students VALUES ('201804003', 'Julia', 18, '2000-01-03');
INSERT INTO students VALUES ('201804004', 'Stefer', 19, '2001-01-04');
INSERT INTO students VALUES ('201804005', 'Steven', 20, '2000-01-05');
INSERT INTO students VALUES ('201804006', 'Mark', 21, '1999-01-06');
INSERT INTO students VALUES ('201804007', 'Stark', 22, '1999-01-07');
INSERT INTO students VALUES ('201804008', 'Tonny', 23, '1999-01-08');
INSERT INTO students VALUES ('201804009', 'Jarvis', 24, '1999-01-09');
INSERT INTO students VALUES ('201804010', 'ZhangSan', 25, '1999-01-10');
INSERT INTO students VALUES ('201804011', 'lisi', 23, '1990-04-10');
INSERT INTO students VALUES ('201804012', 'wanger', 20, '1991-01-10');
INSERT INTO students VALUES ('201804013', 'mazi', 21, '1993-01-13');
INSERT INTO students VALUES ('201804014', 'xiaoxing', 80, '1995-01-22');
INSERT INTO students VALUES ('201804015', 'hundan', 36, '1998-05-10');
INSERT INTO students VALUES ('201804016', 'xiaowang', 30, '1999-07-10');
INSERT INTO students VALUES ('201804017', 'laowang', 18, '1997-08-10');

SELECT * FROM students;


# 创建一张学科表.
CREATE TABLE subjects (   
  number CHAR(4),  
  title VARCHAR(30),
  duration INT
);
INSERT INTO subjects VALUES ('0001', 'python', 32);
INSERT INTO subjects VALUES ('0002', 'java', 16);
INSERT INTO subjects VALUES ('0003', 'web', 16);
INSERT INTO subjects VALUES ('0004', 'go', 32);
INSERT INTO subjects VALUES ('0005', 'c++', 32);

SELECT * FROM subjects;


# 创建一张成绩表.
CREATE TABLE grades (
  student_number CHAR(9),
  subject_number CHAR(4),
  grade INT
);
INSERT INTO grades VALUES ('201804001', '0001', 90);
INSERT INTO grades VALUES ('201804002', '0001', 89);
INSERT INTO grades VALUES ('201804003', '0001', 88);
INSERT INTO grades VALUES ('201804004', '0001', 87);
INSERT INTO grades VALUES ('201804005', '0001', 86);
INSERT INTO grades VALUES ('201804006', '0001', 85);
INSERT INTO grades VALUES ('201804007', '0001', 84);
INSERT INTO grades VALUES ('201804008', '0001', 83);
INSERT INTO grades VALUES ('201804009', '0001', 82);
INSERT INTO grades VALUES ('201804017', '0001', 91);
INSERT INTO grades VALUES ('201804016', '0001', 91);
INSERT INTO grades VALUES ('201804011', '0001', 91);
INSERT INTO grades VALUES ('201804010', '0001', 81);
INSERT INTO grades VALUES ('201804001', '0002', 80);
INSERT INTO grades VALUES ('201804002', '0002', 79);
INSERT INTO grades VALUES ('201804003', '0002', 78);
INSERT INTO grades VALUES ('201804004', '0002', 77);
INSERT INTO grades VALUES ('201804005', '0002', 76);
INSERT INTO grades VALUES ('201804006', '0002', 75);
INSERT INTO grades VALUES ('201804007', '0002', 74);
INSERT INTO grades VALUES ('201804008', '0002', 73);
INSERT INTO grades VALUES ('201804009', '0002', 72);
INSERT INTO grades VALUES ('201804010', '0002', 71);
INSERT INTO grades VALUES ('201804012', '0001', 91);
INSERT INTO grades VALUES ('201804013', '0001', 91);
INSERT INTO grades VALUES ('201804014', '0001', 91);
INSERT INTO grades VALUES ('201804015', '0001', 91);
INSERT INTO grades VALUES ('201804016', '0001', 91);
SELECT * FROM grades;

